<?xml version="1.0"?>
<doc>
    <assembly>
        <name>RuaDario</name>
    </assembly>
    <members>
        <member name="T:PCBRecuperacio.frmPOO">
            <summary>
            Classe frmPOO que conté el diseny
            </summary>
        </member>
        <member name="M:PCBRecuperacio.frmPOO.#ctor">
            <summary>
            Inicialitzacio de el Form frmPOO
            </summary>
        </member>
        <member name="M:PCBRecuperacio.frmPOO.btnHolaOriginal_Click(System.Object,System.EventArgs)">
            <summary>
            Metodo que permite mostrar la el mensaje salutacio
            </summary>
            <param name="sender">No utiitzat</param>
            <param name="e">No utiitzat</param>
        </member>
        <member name="M:PCBRecuperacio.frmPOO.btnHola1_Click(System.Object,System.EventArgs)">
            <summary>
            Metodo que permite mostrar la el mensaje salutacio pasando un parametro al ser una heredera
            </summary>
            <param name="sender">No utiitzat</param>
            <param name="e">No utiitzat</param>
        </member>
        <member name="M:PCBRecuperacio.frmPOO.btnHola2_Click(System.Object,System.EventArgs)">
            <summary>
            Metodo que permite pasar dos parametros a salutacio
            </summary>
            <param name="sender">No utiitzat</param>
            <param name="e">No utiitzat</param>
        </member>
        <member name="M:PCBRecuperacio.frmPOO.btnAdeuOriginal_Click(System.Object,System.EventArgs)">
            <summary>
            Metodo que permite ejecutar comiatCatala cuando btnAdeu sea presionado
            </summary>
            <param name="sender">No utiitzat</param>
            <param name="e">No utiitzat</param>
        </member>
        <member name="M:PCBRecuperacio.frmPOO.btnAdeu1_Click(System.Object,System.EventArgs)">
            <summary>
            Metodo que permite ejecutar comiat cuando btnAdeu1 sea presionado
            </summary>
            <param name="sender">No utiitzat</param>
            <param name="e">No utiitzat</param>
        </member>
        <member name="F:PCBRecuperacio.frmPOO.components">
            <summary>
            Required designer variable.
            </summary>
        </member>
        <member name="M:PCBRecuperacio.frmPOO.Dispose(System.Boolean)">
            <summary>
            Clean up any resources being used.
            </summary>
            <param name="disposing">true if managed resources should be disposed; otherwise, false.</param>
        </member>
        <member name="M:PCBRecuperacio.frmPOO.InitializeComponent">
            <summary>
            Required method for Designer support - do not modify
            the contents of this method with the code editor.
            </summary>
        </member>
        <member name="M:PCBRecuperacio.Program.Main">
            <summary>
            Punto de entrada principal para la aplicación.
            </summary>
        </member>
        <member name="T:IAPOO.Properties.Resources">
            <summary>
              Clase de recurso fuertemente tipado, para buscar cadenas traducidas, etc.
            </summary>
        </member>
        <member name="P:IAPOO.Properties.Resources.ResourceManager">
            <summary>
              Devuelve la instancia de ResourceManager almacenada en caché utilizada por esta clase.
            </summary>
        </member>
        <member name="P:IAPOO.Properties.Resources.Culture">
            <summary>
              Reemplaza la propiedad CurrentUICulture del subproceso actual para todas las
              búsquedas de recursos mediante esta clase de recurso fuertemente tipado.
            </summary>
        </member>
    </members>
</doc>
